35.9699896, -84.0500703, 2812 Amherst Rd Knoxville TN 37921 USA
35.8692719, -84.1451022, 709 Concord Rd Knoxville TN 37934 United States
35.96297, -83.9297, 1315 Forest Ave SW Knoxville TN 37916 United States
35.9102, -84.02737, 7612 Nubbin Ridge Dr SW Knoxville TN 37919 United States
35.91116, -84.02515, 7508 Nubbin Ridge Dr SW Knoxville TN 37919 United States
35.92351, -84.07164, 205 Bridgewater Rd NW Knoxville TN 37923 United States
35.9242003, -84.0713391, 229 Bridgewater Rd NW Knoxville TN 37923 United States
35.9771, -83.89216, 2324 Center Ave Knoxville TN 37915 United States
36.01376, -83.96233, 4905 Rowan Rd Knoxville TN 37912 United States
36.02863, -83.94758, 1802 Cedar Ln NE Knoxville TN 37918 United States
36.0096599, -83.92392, Topeka St Knoxville TN 37917 United States
36.00043, -83.85122, 5001 Sunset Rd W Knoxville TN 37914 United States
35.91734, -84.01821, 7211 Westland Dr SW Knoxville TN 37919 United States
35.95718, -84.0373, 1700 Helmbolt Rd NW Knoxville TN 37909 United States
35.9581656, -84.0399774, 5732 Creekhead Dr NW Knoxville TN 37909 United States
35.97955, -83.92998, 142 W Baxter Ave Knoxville TN 37917 United States
36.00599, -83.9205999, 3338 Powers St NE Knoxville TN 37917 United States
35.93052, -83.91144, 4500 Martin Mill Pike SW Knoxville TN 37920 United States
35.97205, -83.91689, 301 E Jackson Ave SE Knoxville TN 37915 United States
35.97131, -83.9347, 1609 Boyd St NW Knoxville TN 37921 United States
35.97892, -83.9203, 811 Eleanor St Knoxville TN 37917 United States
35.98813, -83.9367, 111 E Columbia Ave Knoxville TN 37917 United States
35.97455, -84.00543, 3346 Dewine Rd Knoxville TN 37921 United States
35.97159, -83.9336299, 1006 University Ave Knoxville TN 37921 United States
35.97283, -83.97457, 2705 Sanderson Rd NW Knoxville TN 37921 United States
35.94977, -83.97252, 424 Tobler Ln NW Knoxville TN 37919 United States
35.9702399, -83.9566, 2417 Keith Ave NW Knoxville TN 37921 United States
35.92389, -84.05824, 8373 Kingston Pike Knoxville TN 37919 United States
35.963871, -83.917753, 625 South Gay Street Suite 310 Knoxville TN 37902 USA
